Year,District,Yield_maund_acre,NDVI_mean,LST_mean_C,Rain_log,VPD_kPa,HeatStress_log,ColdStress_log,Scenario
2001,Khanewal,36.1,0.415388614,27.29245406,3.849268554184372,1.943338846,2.9693129380853582,2.1719082656471063,Historical
2002,Khanewal,30.8,0.394198843,28.06981135,3.316810358405504,2.190127322,3.448803037594486,1.795549110624417,Historical
2003,Khanewal,29.6,0.414146579,26.68105049,4.22680600444545,2.133869062,3.236962323987832,1.059221743094119,Historical
2004,Khanewal,29.4,0.402444343,27.94781291,3.711845331144412,2.525929567,3.737319416970046,1.818246007056476,Historical
2005,Khanewal,33.5,0.464457482,25.55721874,5.350676803753306,1.562251321,2.730759568361018,2.359222537797633,Historical
2006,Khanewal,30.7,0.428854479,26.63439937,3.6238542537672487,1.986196933,3.242455910537249,2.4318738125709984,Historical
2007,Khanewal,34.2,0.487742693,26.20052242,4.966140803097424,1.986284269,3.468325770881789,1.6478452292933672,Historical
2008,Khanewal,29.1,0.437343129,26.523316,4.486763650771248,1.918344136,3.010764467857607,3.124591116927828,Historical
2009,Khanewal,33.8,0.396695682,25.41577927,4.6952048793974095,1.754374422,2.850241142373916,0.0,Historical
2010,Khanewal,32.7,0.420226264,27.73602265,3.613229248906869,2.330979038,3.792210107619832,0.0,Historical
2011,Khanewal,33.5,0.466022373,26.87320501,3.977393027085824,1.857387758,2.8772247602770604,2.4388356716540103,Historical
2012,Khanewal,31.8,0.396082626,26.54046012,3.662951484890927,1.766002862,2.7826848079404924,2.867599696491134,Historical
2013,Khanewal,33.7,0.460537537,25.34160069,4.921208371478475,1.67267863,2.935609757630042,2.3115521216531376,Historical
2014,Khanewal,34.4,0.460104521,24.96972445,4.304644926419747,1.518958629,2.6156528790057307,2.4174343243633016,Historical
2015,Khanewal,34.2,0.446616866,25.44406559,5.202952707109724,1.273357613,2.8171000685246006,1.0680375645459756,Historical
2016,Khanewal,34.9,0.461572297,27.06503514,4.126578036602316,1.722301815,2.99750984174313,1.0883842144611604,Historical
2017,Khanewal,40.8,0.426714368,26.03297777,3.592442845026289,2.135085329,3.4317037474448937,1.3020424945403963,Historical
2018,Khanewal,37.6,0.417783402,25.81819819,4.308088460622876,2.073948149,3.4340104996976817,0.0,Historical
2019,Khanewal,33.9,0.487850964,25.05268716,4.722803127714278,1.603627543,3.250991118441027,1.3373375930853053,Historical
2020,Khanewal,35.7,0.478878897,24.79820639,5.378121557009374,1.247819407,2.72109067860306,2.2873434770459062,Historical
2021,Khanewal,33.8,0.42721409,24.49476204,3.846030978542708,1.896947868,3.0166741379476,2.782696993589989,Historical
2022,Khanewal,37.3,0.405609813,26.57147855,3.6885429580054714,2.559902423,3.873564396743468,1.313581766819669,Historical
2023,Khanewal,37.9,0.435446501,24.35726139,4.341469910955799,1.634138867,2.74506242670012,2.447534280061749,Historical
2024,Khanewal,39.6,0.461784008,25.8955134,3.6289015144972367,1.731083971,2.767075257864929,2.1308636683619,Historical
2025,Khanewal,40.6,0.436842548,23.23652728,3.651024102150701,2.427563984,3.4438622150313547,0.0,Historical
2026,Khanewal,,0.425149,24.5825,3.644804,2.091916,3.351443,2.113064,ScenarioA_Primary
2027,Khanewal,,0.428904,24.4718,3.98395,2.083611,3.314062,2.390201,ScenarioA_Primary
2028,Khanewal,,0.435057,24.361,4.257559,1.977899,3.192068,1.807653,ScenarioA_Primary
2029,Khanewal,,0.42754,24.2503,3.60679,1.946353,3.158324,1.92015,ScenarioA_Primary
2030,Khanewal,,0.421213,24.1396,3.696607,2.149858,3.310972,2.169809,ScenarioA_Primary
2001,Lodhran,28.1,0.440696989,27.49733258,3.415199050855858,1.962546878,3.0337403560947944,1.6739455658452682,Historical
2002,Lodhran,27.4,0.379095633,28.75247978,2.747794105572171,2.193475195,3.5261484259483584,1.7834111403675212,Historical
2003,Lodhran,29.9,0.396758387,27.69581192,4.193177295090552,2.13792756,3.2640206629979773,1.0339069333478237,Historical
2004,Lodhran,28.9,0.408769006,28.63861766,3.399528258116816,2.506457536,3.761383866717286,0.886454530280968,Historical
2005,Lodhran,28.3,0.461787762,27.05289842,5.045620276759679,1.685200875,2.88103243913153,1.8003488410631523,Historical
2006,Lodhran,27.2,0.413405708,27.22020376,3.535317681013733,1.968821248,3.2424133053795945,2.217647638811756,Historical
2007,Lodhran,32.1,0.481863803,27.01274987,4.601980628252551,2.032954982,3.49650756146648,0.6936902965457538,Historical
2008,Lodhran,28.0,0.437092825,28.05794501,4.143164139292303,1.960516591,3.1962471613787624,2.926017730296026,Historical
2009,Lodhran,34.9,0.386037469,25.91507176,4.368892010167207,1.830010959,2.9955445829412097,0.0,Historical
2010,Lodhran,32.1,0.408834218,28.70523586,3.1956108233061027,2.376329347,3.8353100566825553,0.0,Historical
2011,Lodhran,33.9,0.457097816,27.6972011,3.954489053128047,1.828646684,2.9971585574273965,2.2538255486858207,Historical
2012,Lodhran,32.6,0.382830519,27.6384189,3.2710893508327645,1.794344487,2.955086206786708,2.6171304742719457,Historical
2013,Lodhran,34.4,0.45787648,26.51657526,4.549419744313509,1.809914761,2.992700222028022,1.818207614115821,Historical
2014,Lodhran,35.5,0.439842369,26.2424483,3.565614365048783,1.602211274,2.7222904826209877,2.409350193061188,Historical
2015,Lodhran,33.9,0.430173648,26.52236381,4.65369434144701,1.499593097,2.999887004693129,1.2140072371869854,Historical
2016,Lodhran,36.7,0.44987685,27.84354209,3.7327105629451656,1.765697618,3.127682013024354,0.1824203269160255,Historical
2017,Lodhran,42.1,0.39854923,26.38162551,2.9005931818132686,2.18678301,3.497578548966694,0.8049860736416861,Historical
2018,Lodhran,37.0,0.402858161,26.1582147,3.688492692581336,2.291126915,3.5781680440320622,0.0,Historical
2019,Lodhran,36.7,0.47293806,25.63221933,4.558828548623801,1.62717057,3.33727853764061,0.2100995421212452,Historical
2020,Lodhran,36.5,0.465335542,25.61741504,4.983819848973788,1.462581205,2.7834686722245445,2.226234691103818,Historical
2021,Lodhran,34.2,0.401088998,25.44776671,3.41084229987503,1.967423698,3.1945564139094365,2.33092332501166,Historical
2022,Lodhran,38.1,0.402652591,27.24974525,3.32212621794247,2.597236172,3.8751708797076287,0.1536990344222539,Historical
2023,Lodhran,38.7,0.426116379,25.19345307,3.700096183982886,1.822255764,2.9633333592496416,2.244206933590366,Historical
2024,Lodhran,40.1,0.455414793,27.19174844,2.998537514683262,1.822955955,2.960774291120755,1.6523785618831617,Historical
2025,Lodhran,40.14,0.432812445,23.86640004,3.1499616842818905,2.580360315,3.516143378059084,0.0,Historical
2026,Lodhran,,0.410097,25.4242,3.114689,2.16154,3.418355,1.859017,ScenarioA_Primary
2027,Lodhran,,0.417126,25.313,3.487974,2.171515,3.398123,1.896066,ScenarioA_Primary
2028,Lodhran,,0.423652,25.2018,3.754208,2.123371,3.395441,1.33978,ScenarioA_Primary
2029,Lodhran,,0.40945,25.0906,3.045438,2.089719,3.223327,1.559526,ScenarioA_Primary
2030,Lodhran,,0.408067,24.9794,3.130564,2.244086,3.386204,1.696358,ScenarioA_Primary
2001,Multan,27.8,0.426437378,26.87004855,3.63565140587557,2.028260149,3.0710257245713204,1.6838472461024503,Historical
2002,Multan,27.0,0.37767659,27.8591982,2.981842620886185,2.221511274,3.5397009090869944,1.812527365306312,Historical
2003,Multan,27.5,0.390737734,26.67019552,4.196462987178955,2.152118831,3.264452955817914,0.2459004019648166,Historical
2004,Multan,26.5,0.382511367,28.14120109,3.34955180452857,2.627882132,3.7954624238701866,0.7770513507200957,Historical
2005,Multan,29.7,0.447731602,25.96704651,5.187557727932814,1.653814314,2.8579312470011025,2.088157614739242,Historical
2006,Multan,27.7,0.406236244,26.3790804,3.689090198905693,1.962099982,3.2150408073801247,2.2861228275141743,Historical
2007,Multan,30.9,0.461567231,26.67687047,4.788042424462387,2.024004585,3.4872083490200105,1.0129673573026443,Historical
2008,Multan,25.2,0.414996632,27.27505339,4.290585351029629,1.993802809,3.205264243381144,2.88854760959328,Historical
2009,Multan,32.0,0.390224344,25.23460877,4.7452878259649225,1.786873806,2.974519273409435,0.0,Historical
2010,Multan,27.2,0.399719808,27.9072123,3.53576161409896,2.38080624,3.8234851860542527,0.0,Historical
2011,Multan,30.5,0.450455486,27.09908572,3.81177743234184,1.884644993,3.0127780257283816,1.8767790653134064,Historical
2012,Multan,28.2,0.386874735,26.98736808,3.384293492222922,1.789874063,2.8903188214950584,2.528156783590624,Historical
2013,Multan,31.5,0.443368238,26.03168748,4.608691581590501,1.843015755,3.01702776146924,1.589003219842731,Historical
2014,Multan,32.0,0.43559773,25.50638977,4.048628782087252,1.553981771,2.717663770967332,2.258227681349296,Historical
2015,Multan,32.8,0.424517231,26.23105263,4.78078412861886,1.472170574,3.005667105772204,0.6289942560037893,Historical
2016,Multan,32.8,0.438486173,27.58966085,3.718400285731693,1.771316857,3.10830350867516,0.1935673254328746,Historical
2017,Multan,35.2,0.388475111,26.48274467,3.292681675473517,2.16290772,3.481879645084,0.8840751672267045,Historical
2018,Multan,34.8,0.397394431,26.4021847,3.991781602346044,2.227388172,3.5174289676278003,0.0008846086183981,Historical
2019,Multan,33.8,0.446986649,25.52897183,4.729044756736472,1.579472553,3.280822171597773,0.4470790027527321,Historical
2020,Multan,36.9,0.462913469,24.8304754,5.13841436487855,1.40445716,2.811983168497708,2.249474030202968,Historical
2021,Multan,34.5,0.401256811,25.53635229,3.8241607121118815,1.891819479,3.057422061526542,2.27878961408888,Historical
2022,Multan,36.7,0.391708771,27.16702945,3.465793902992683,2.648107549,3.885175653518483,0.3163788549600792,Historical
2023,Multan,37.5,0.421969455,25.06366011,3.96288283113172,1.779775431,2.900888193608248,2.2551922370496165,Historical
2024,Multan,39.9,0.446673103,26.69051508,3.242307871962554,1.841109854,2.9797092635070683,1.2885276171560889,Historical
2025,Multan,38.93,0.434317594,23.79698241,3.421674934739452,2.505557434,3.477937414735825,0.0008846086183981,Historical
2026,Multan,,0.404697,25.4042,3.368456,2.153551,3.373686,1.767255,ScenarioA_Primary
2027,Multan,,0.410599,25.3278,3.774252,2.154471,3.357829,1.873863,ScenarioA_Primary
2028,Multan,,0.414431,25.2514,3.936649,2.086843,3.343591,1.27426,ScenarioA_Primary
2029,Multan,,0.408144,25.1751,3.358037,2.047691,3.202055,1.447184,ScenarioA_Primary
2030,Multan,,0.405456,25.0987,3.52755,2.223815,3.380895,1.630632,ScenarioA_Primary
2001,Vehari,33.9,0.440004501,26.72080068,3.85030514270408,1.928210951,2.936223725664036,2.083456691292469,Historical
2002,Vehari,29.6,0.380230897,27.87600427,2.845155728474071,2.166397296,3.434013310918564,1.821506227267585,Historical
2003,Vehari,29.4,0.420062562,26.63088155,4.180550214188596,2.126034441,3.255175875883281,1.404508227739236,Historical
2004,Vehari,28.0,0.422511443,27.37693527,3.624869275245671,2.428099317,3.7164786334218314,1.3035580998774734,Historical
2005,Vehari,30.6,0.470071543,26.02624471,5.170951599330586,1.635925011,2.8505269177494785,2.105601381268491,Historical
2006,Vehari,28.9,0.431922319,26.52554817,3.517360119567051,1.973187224,3.2587332506615767,2.45101690493917,Historical
2007,Vehari,31.8,0.491352635,26.30936042,4.732170719905007,2.032142652,3.495424117176868,1.3388207985750396,Historical
2008,Vehari,30.1,0.450828575,26.36271656,4.3275243665066485,1.992536923,3.100065367344681,3.0356668669302938,Historical
2009,Vehari,31.3,0.405038264,25.96713727,4.340383243394446,1.839405879,2.933948260872381,0.0,Historical
2010,Vehari,31.3,0.425102581,27.62332374,3.4685552687124104,2.363745345,3.80630549805636,0.0039143857858617,Historical
2011,Vehari,34.2,0.457078878,26.8272343,3.901096226823,1.824215221,2.865916809450322,2.503675637670816,Historical
2012,Vehari,34.8,0.38262738,26.50021509,3.519822352273297,1.763778636,2.9192822140844914,2.6676033945234896,Historical
2013,Vehari,35.5,0.4577193,25.60451177,4.635766417874528,1.763955673,3.0267201032783406,2.2345700341496,Historical
2014,Vehari,35.9,0.444110329,25.39181519,3.9276869495898743,1.574300277,2.691739943059131,2.38525151126521,Historical
2015,Vehari,35.7,0.441947904,25.89853524,4.928047230361836,1.431037476,2.963650556698117,1.2815942206996649,Historical
2016,Vehari,35.5,0.472196122,27.32441545,4.183683780657462,1.725362039,3.0497972011900574,0.9265103864564316,Historical
2017,Vehari,36.5,0.427999836,26.33299973,3.11062584049122,2.190507318,3.4848338710364284,1.3058209646090635,Historical
2018,Vehari,35.4,0.432425793,26.15935306,3.768790932177244,2.204600868,3.519171775008488,0.0,Historical
2019,Vehari,33.2,0.491418239,25.42685637,4.484647506695368,1.735783159,3.39173776860398,0.8800443619492616,Historical
2020,Vehari,37.7,0.505901155,25.52303328,5.153136844952432,1.36952754,2.717784979352648,2.1202834575216603,Historical
2021,Vehari,35.3,0.449771171,24.8621325,3.586845609223684,1.976826294,3.1405268820980243,2.6679879463787963,Historical
2022,Vehari,35.3,0.433986722,26.94850203,3.440845314121195,2.561721562,3.873767026289321,1.2068200202570254,Historical
2023,Vehari,37.6,0.480829865,24.7428437,4.024609217134115,1.710154739,2.841869480783277,2.434583842220474,Historical
2024,Vehari,40.7,0.467069333,26.27766624,3.300515752183982,1.736939113,2.788105359775156,2.12388518398944,Historical
2025,Vehari,39.7,0.461921074,23.55202186,3.707040111075117,2.38969302,3.442830352851919,0.0,Historical
2026,Vehari,,0.427648,25.1578,3.346922,2.089896,3.374309,2.099871,ScenarioA_Primary
2027,Vehari,,0.437832,25.0783,3.732511,2.088095,3.354913,2.35025,ScenarioA_Primary
2028,Vehari,,0.448414,24.9987,4.126062,2.028654,3.252752,1.676155,ScenarioA_Primary
2029,Vehari,,0.426697,24.9192,3.321499,1.994998,3.193968,1.830936,ScenarioA_Primary
2030,Vehari,,0.427819,24.8397,3.44416,2.173692,3.325723,2.115101,ScenarioA_Primary
